StatisticMeasure,NaiveBayes,Random Forest,SVM,KNN,My Method
Accuracy,0.9608706348228402,0.9375751323417025,0.9549320076939841
Precision,0.9582032416490094,0.9351833805560897,0.9506450909853477
Recall,0.9567784288529688,0.9301085825010171,0.9511942200707472
F-Measure,0.9573450814979632,0.9322588138211536,0.9507548768081454
