StatisticMeasure,NaiveBayes,Random Forest,SVM,KNN,My Method
Accuracy,0.9566708960549104,0.9383882475377918,0.9544602527035609
Precision,0.9534417979999459,0.9358581401945566,0.9498823511565201
Recall,0.9523201540398741,0.9320603649742605,0.9506046784994506
F-Measure,0.9526772108389526,0.9337057791065572,0.9501422007461056
