StatisticMeasure,NaiveBayes,Random Forest,SVM,KNN,My Method
Accuracy,0.957024000634193,0.941529103110834,0.951781119557743
Precision,0.9542530167132668,0.9392081458600998,0.9473266884213555
Recall,0.9528762754973495,0.9351443580842067,0.9470217534096909
F-Measure,0.953363553424954,0.9368796666542967,0.9470628671189415
