StatisticMeasure,NaiveBayes,Random Forest,SVM,KNN,My Method
Accuracy,0.9586514082246147,0.9417659016305475,0.9572572390703362
Precision,0.9553483394494862,0.9389318747471966,0.9532021773033426
Recall,0.9547011028398014,0.9349243799272461,0.9538192423947527
F-Measure,0.9548890291892427,0.9366965405646834,0.9534740186469104
