StatisticMeasure	NaiveBayes	Random Forest	SVM	KNN	My Method
Accuracy	0.9621503998823545	0.9543438466205177	0.9630824655021183
Precision	0.9583865343802485	0.9519277622182946	0.9602590675690301
Recall	0.959988432847279	0.9505953885413707	0.9601498319707916
F-Measure	0.9590243032588628	0.9509834432243831	0.9601086134959912
