StatisticMeasure,NaiveBayes,Random Forest,SVM,KNN,My Method
Accuracy,0.9587690466954543,0.9376842972368248,0.9517834949077859
Precision,0.9558069250694089,0.9344734855546765,0.9473622509484574
Recall,0.9553830948073607,0.9312703625029377,0.9469593252136352
F-Measure,0.9554596347282238,0.932561611156679,0.9470679890692921
