StatisticMeasure	NaiveBayes	Random Forest	SVM	KNN	My Method
Accuracy	0.9564461883736252	0.8806180003586078	0.9396693443297778
Precision	0.952485772582732	0.881131246149983	0.9363210898923912
Recall	0.9536971721561883	0.8611816298164741	0.9344783699518301
F-Measure	0.9528305972609192	0.8677231830274656	0.9350667367355608
