StatisticMeasure	NaiveBayes	Random Forest	SVM	KNN	My Method
Accuracy	0.9559716048255147	0.8854036604350398	0.9422252386562862	knn	0.9653480792921979
Precision	0.9518112919684146	0.8888205097449722	0.9389620396066805	knn	0.9624574959338033
Recall	0.9532191467531579	0.8685104228618595	0.936605382298807	knn	0.9632273335859927
F-Measure	0.9522640181790173	0.8754272448172818	0.9375034525881283	knn	0.9627384974631786
