StatisticMeasure	NaiveBayes	Random Forest	SVM	KNN	My Method
Accuracy	0.9587674908473012	0.880725465379836	0.9415363513537406
Precision	0.955228120686965	0.8837982088026864	0.9375881421272974
Recall	0.9563287601853336	0.8612884991969473	0.935239748704795
F-Measure	0.9555052954633896	0.8685522349001926	0.9360804004998048
