StatisticMeasure,NaiveBayes,Random Forest,SVM,KNN,My Method
Accuracy,0.9542284774813133,0.9378041558260055,0.9541133730217599
Precision,0.9509443978156398,0.9342821554705193,0.9499716931140261
Recall,0.9499337326705362,0.9292637996406891,0.9496801731643132
F-Measure,0.9503417554197394,0.9314479734683356,0.9497410307448553
