StatisticMeasure,NaiveBayes,Random Forest,SVM,KNN,My Method
Accuracy,0.9586519744756357,0.9381662554027713,0.954110319511555
Precision,0.956015681917265,0.9351504481433862,0.9503225984213243
Recall,0.9553310715951154,0.9313989715210242,0.9505369424464041
F-Measure,0.9555654513004204,0.9329297434558311,0.9502559464306826
